{"cameraMode":{"drawMode":0,"name":"Shaded","section":"Shading Mode"},"sceneLighting":false,"audioPlay":false,"sceneViewState":{"m_AlwaysRefresh":false,"showFog":true,"showSkybox":false,"showFlares":true,"showImageEffects":true,"showParticleSystems":true,"showVisualEffectGraphs":true,"m_FxEnabled":true},"in2DMode":false,"pivot":{"x":22.26097869873047,"y":9.87108325958252,"z":-0.4046556055545807},"rotation":{"x":0.048204418271780017,"y":0.9301905035972595,"z":-0.13235396146774293,"w":0.33935245871543887},"size":0.7081395983695984,"orthographic":false}